[{"version":0,"tags":[],"shapes":[{"type":"rectangle","occluded":false,"outside":false,"z_order":0,"rotation":0.0,"points":[1.32421875,137.03515625,222.87240645640122,533.0],"frame":0,"group":0,"source":"manual","attributes":[],"elements":[],"label":"Male"},{"type":"rectangle","occluded":false,"outside":false,"z_order":0,"rotation":0.0,"points":[449.7716511787203,233.36081275246943,710.0,533.0],"frame":0,"group":0,"source":"manual","attributes":[],"elements":[],"label":"Male"},{"type":"rectangle","occluded":false,"outside":false,"z_order":0,"rotation":0.0,"points":[479.73952197958715,41.78049584693326,710.0,397.11382105719895],"frame":0,"group":0,"source":"manual","attributes":[],"elements":[],"label":"Male"},{"type":"rectangle","occluded":false,"outside":false,"z_order":0,"rotation":0.0,"points":[273.17526967361846,286.8748677540152,664.8981522849353,533.0],"frame":0,"group":0,"source":"manual","attributes":[],"elements":[],"label":"Female"},{"type":"rectangle","occluded":false,"outside":false,"z_order":0,"rotation":0.0,"points":[157.5849108702787,164.8628223504893,343.8138222756588,533.0],"frame":0,"group":0,"source":"manual","attributes":[],"elements":[],"label":"Female"},{"type":"rectangle","occluded":false,"outside":false,"z_order":0,"rotation":0.0,"points":[386.6250662768962,0.03953294572784216,543.9563879814414,242.99334265274774],"frame":0,"group":0,"source":"manual","attributes":[],"elements":[],"label":"Female"},{"type":"rectangle","occluded":false,"outside":false,"z_order":0,"rotation":0.0,"points":[264.6130208733721,3.250376245820007,416.59293707776305,313.6318952547863],"frame":0,"group":0,"source":"manual","attributes":[],"elements":[],"label":"Female"},{"type":"rectangle","occluded":false,"outside":false,"z_order":0,"rotation":0.0,"points":[1.3238702657654358,1.1098140457579575,288.1592050740528,321.12386295500255],"frame":0,"group":0,"source":"manual","attributes":[],"elements":[],"label":"Female"},{"type":"rectangle","occluded":false,"outside":false,"z_order":0,"rotation":0.0,"points":[697.8791706619322,0.0,748.9430040789975,52.43231627023306],"frame":1,"group":0,"source":"manual","attributes":[],"elements":[],"label":"Female"},{"type":"rectangle","occluded":false,"outside":false,"z_order":0,"rotation":0.0,"points":[691.1928845917319,162.98258311337304,759.9492025483323,265.10593772538414],"frame":1,"group":0,"source":"manual","attributes":[],"elements":[],"label":"Female"},{"type":"rectangle","occluded":false,"outside":false,"z_order":0,"rotation":0.0,"points":[648.7257470303011,142.76013665555,688.1595176230567,191.29400815432746],"frame":1,"group":0,"source":"manual","attributes":[],"elements":[],"label":"Female"},{"type":"rectangle","occluded":false,"outside":false,"z_order":0,"rotation":0.0,"points":[672.9926827796899,152.87135988446062,722.5376766013578,238.81675733021257],"frame":1,"group":0,"source":"manual","attributes":[],"elements":[],"label":"Female"},{"type":"rectangle","occluded":false,"outside":false,"z_order":0,"rotation":0.0,"points":[517.2798450544469,309.5953199325959,649.7368693531935,423.0],"frame":1,"group":0,"source":"manual","attributes":[],"elements":[],"label":"Female"},{"type":"rectangle","occluded":false,"outside":false,"z_order":0,"rotation":0.0,"points":[384.8228207557004,365.20704769161057,492.00178698216587,423.0],"frame":1,"group":0,"source":"manual","attributes":[],"elements":[],"label":"Female"},{"type":"rectangle","occluded":false,"outside":false,"z_order":0,"rotation":0.0,"points":[343.366805517162,322.73991013018167,492.0017869821677,423.0],"frame":1,"group":0,"source":"manual","attributes":[],"elements":[],"label":"Female"},{"type":"rectangle","occluded":false,"outside":false,"z_order":0,"rotation":0.0,"points":[290.78844472681885,225.67216713262678,399.9896555990672,423.0],"frame":1,"group":0,"source":"manual","attributes":[],"elements":[],"label":"Female"},{"type":"rectangle","occluded":false,"outside":false,"z_order":0,"rotation":0.0,"points":[287.7550777581455,198.3718644145647,395.9451663075033,397.56296202412886],"frame":1,"group":0,"source":"manual","attributes":[],"elements":[],"label":"Female"},{"type":"rectangle","occluded":false,"outside":false,"z_order":0,"rotation":0.0,"points":[514.2464780857736,162.98258311337304,600.1918755315255,288.3617511518805],"frame":1,"group":0,"source":"manual","attributes":[],"elements":[],"label":"Female"},{"type":"rectangle","occluded":false,"outside":false,"z_order":0,"rotation":0.0,"points":[354.48915106896493,272.1837939856214,480.87944143036293,423.0],"frame":1,"group":0,"source":"manual","attributes":[],"elements":[],"label":"Female"},{"type":"rectangle","occluded":false,"outside":false,"z_order":0,"rotation":0.0,"points":[388.8673100472661,58.83698385558091,423.2454690255672,106.35973303146602],"frame":1,"group":0,"source":"manual","attributes":[],"elements":[],"label":"Female"},{"type":"rectangle","occluded":false,"outside":false,"z_order":0,"rotation":0.0,"points":[365.61149662076787,77.03718566762291,399.989655599069,135.68228039531277],"frame":1,"group":0,"source":"manual","attributes":[],"elements":[],"label":"Female"},{"type":"rectangle","occluded":false,"outside":false,"z_order":0,"rotation":0.0,"points":[307.97752421597033,80.07055263629627,376.7338421725708,200.39410906034755],"frame":1,"group":0,"source":"manual","attributes":[],"elements":[],"label":"Female"},{"type":"rectangle","occluded":false,"outside":false,"z_order":0,"rotation":0.0,"points":[563.7914719074415,124.55993484350802,645.6923800616278,260.0503261109279],"frame":1,"group":0,"source":"manual","attributes":[],"elements":[],"label":"Female"},{"type":"rectangle","occluded":false,"outside":false,"z_order":0,"rotation":0.0,"points":[789.7940708126498,69.93991629894117,878.7910376252494,186.6572498236601],"frame":1,"group":0,"source":"manual","attributes":[],"elements":[],"label":"Male"},{"type":"rectangle","occluded":false,"outside":false,"z_order":0,"rotation":0.0,"points":[1046.5722045670318,0.0,1113.6846713437462,128.29858306129972],"frame":1,"group":0,"source":"manual","attributes":[],"elements":[],"label":"Male"},{"type":"rectangle","occluded":false,"outside":false,"z_order":0,"rotation":0.0,"points":[1139.9460713868084,0.0,1189.5509381348147,122.46271638506369],"frame":1,"group":0,"source":"manual","attributes":[],"elements":[],"label":"Male"},{"type":"rectangle","occluded":false,"outside":false,"z_order":0,"rotation":0.0,"points":[1167.6664380989296,0.0,1200.0,125.3806497231817],"frame":1,"group":0,"source":"manual","attributes":[],"elements":[],"label":"Male"},{"type":"rectangle","occluded":false,"outside":false,"z_order":0,"rotation":0.0,"points":[1072.833604610094,310.6694166936759,1200.0,423.0],"frame":1,"group":0,"source":"manual","attributes":[],"elements":[],"label":"Female"},{"type":"rectangle","occluded":false,"outside":false,"z_order":0,"rotation":0.0,"points":[725.5995373740534,166.23171645683396,862.7424042655985,363.1922167797984],"frame":1,"group":0,"source":"manual","attributes":[],"elements":[],"label":"Female"},{"type":"rectangle","occluded":false,"outside":false,"z_order":0,"rotation":0.0,"points":[795.6299374888858,147.26514975906684,894.8396709848985,341.30771674391326],"frame":1,"group":0,"source":"manual","attributes":[],"elements":[],"label":"Female"},{"type":"rectangle","occluded":false,"outside":false,"z_order":0,"rotation":0.0,"points":[855.4475709203034,202.7058831833092,1039.2773712217368,423.0],"frame":1,"group":0,"source":"manual","attributes":[],"elements":[],"label":"Female"},{"type":"rectangle","occluded":false,"outside":false,"z_order":0,"rotation":0.0,"points":[871.4962042799525,135.59341640659477,1015.9339045167926,361.7332501107394],"frame":1,"group":0,"source":"manual","attributes":[],"elements":[],"label":"Female"},{"type":"rectangle","occluded":false,"outside":false,"z_order":0,"rotation":0.0,"points":[964.8700710997291,210.00071652860424,1065.5387712648007,423.0],"frame":1,"group":0,"source":"manual","attributes":[],"elements":[],"label":"Female"},{"type":"rectangle","occluded":false,"outside":false,"z_order":0,"rotation":0.0,"points":[797.0889041579449,24.711949558111883,878.7910376252494,129.75754973035873],"frame":1,"group":0,"source":"manual","attributes":[],"elements":[],"label":"Female"},{"type":"rectangle","occluded":false,"outside":false,"z_order":0,"rotation":0.0,"points":[875.8731042871295,131.21651639941774,929.8548710423129,223.13141655013533],"frame":1,"group":0,"source":"manual","attributes":[],"elements":[],"label":"Female"},{"type":"rectangle","occluded":false,"outside":false,"z_order":0,"rotation":0.0,"points":[740.1892040646435,18.876082881875845,800.0068374960629,100.57821634918037],"frame":1,"group":0,"source":"manual","attributes":[],"elements":[],"label":"Female"},{"type":"rectangle","occluded":false,"outside":false,"z_order":0,"rotation":0.0,"points":[0.5963380570483423,230.727778747083,150.24244184494455,423.0],"frame":1,"group":0,"source":"manual","attributes":[],"elements":[],"label":"Male"},{"type":"rectangle","occluded":false,"outside":false,"z_order":0,"rotation":0.0,"points":[0.0,99.28187677122878,171.4760106256581,320.7176654843988],"frame":1,"group":0,"source":"manual","attributes":[],"elements":[],"label":"Male"},{"type":"rectangle","occluded":false,"outside":false,"z_order":0,"rotation":0.0,"points":[0.0,85.12616425075248,52.16357652449915,230.7277787470848],"frame":1,"group":0,"source":"manual","attributes":[],"elements":[],"label":"Male"},{"type":"rectangle","occluded":false,"outside":false,"z_order":0,"rotation":0.0,"points":[1.607460379938857,59.848106178471426,64.2970443991926,162.98258311337304],"frame":1,"group":0,"source":"manual","attributes":[],"elements":[],"label":"Male"},{"type":"rectangle","occluded":false,"outside":false,"z_order":0,"rotation":0.0,"points":[1.607460379938857,0.19188912789104506,81.48612388834226,126.58217948928905],"frame":1,"group":0,"source":"manual","attributes":[],"elements":[],"label":"Male"},{"type":"rectangle","occluded":false,"outside":false,"z_order":0,"rotation":0.0,"points":[52.16357652449915,0.19188912789104506,80.47500156545175,51.75912759534185],"frame":1,"group":0,"source":"manual","attributes":[],"elements":[],"label":"Male"},{"type":"rectangle","occluded":false,"outside":false,"z_order":0,"rotation":0.0,"points":[56.208065816063026,39.6256597206484,132.04224003290255,158.93809382180916],"frame":1,"group":0,"source":"manual","attributes":[],"elements":[],"label":"Male"},{"type":"rectangle","occluded":false,"outside":false,"z_order":0,"rotation":0.0,"points":[98.67520337749374,40.636782043538915,206.86529192685157,367.2292923373934],"frame":1,"group":0,"source":"manual","attributes":[],"elements":[],"label":"Male"},{"type":"rectangle","occluded":false,"outside":false,"z_order":0,"rotation":0.0,"points":[63.285922076302086,2.2141337736738933,147.2090748762712,93.21514283388024],"frame":1,"group":0,"source":"manual","attributes":[],"elements":[],"label":"Male"},{"type":"rectangle","occluded":false,"outside":false,"z_order":0,"rotation":0.0,"points":[123.95326144977298,0.0,210.90978121841545,68.94820708449333],"frame":1,"group":0,"source":"manual","attributes":[],"elements":[],"label":"Male"},{"type":"rectangle","occluded":false,"outside":false,"z_order":0,"rotation":0.0,"points":[189.6762124377001,13.33647932547683,263.48814200875677,108.38197767724887],"frame":1,"group":0,"source":"manual","attributes":[],"elements":[],"label":"Male"},{"type":"rectangle","occluded":false,"outside":false,"z_order":0,"rotation":0.0,"points":[243.26569555093374,14.347601648367345,297.8663009870579,101.30412141700981],"frame":1,"group":0,"source":"manual","attributes":[],"elements":[],"label":"Male"},{"type":"rectangle","occluded":false,"outside":false,"z_order":0,"rotation":0.0,"points":[209.89865889552493,1.2030114507833787,250.3435518111728,47.714638303777974],"frame":1,"group":0,"source":"manual","attributes":[],"elements":[],"label":"Male"},{"type":"rectangle","occluded":false,"outside":false,"z_order":0,"rotation":0.0,"points":[156.30917578229128,50.74800527245134,313.03313583042654,423.0],"frame":1,"group":0,"source":"manual","attributes":[],"elements":[],"label":"Male"},{"type":"rectangle","occluded":false,"outside":false,"z_order":0,"rotation":0.0,"points":[211.92090354130778,373.29602627474014,294.83293401838455,422.8410200964081],"frame":1,"group":0,"source":"manual","attributes":[],"elements":[],"label":"Male"},{"type":"rectangle","occluded":false,"outside":false,"z_order":0,"rotation":0.0,"points":[229.10998303045744,74.00381869894773,314.04425815331706,383.40724950365257],"frame":1,"group":0,"source":"manual","attributes":[],"elements":[],"label":"Male"},{"type":"rectangle","occluded":false,"outside":false,"z_order":0,"rotation":0.0,"points":[295.84405634127506,0.19188912789104506,373.70047520389744,87.14840889653351],"frame":1,"group":0,"source":"manual","attributes":[],"elements":[],"label":"Male"},{"type":"rectangle","occluded":false,"outside":false,"z_order":0,"rotation":0.0,"points":[377.7449644954613,51.75912759534185,504.1352548568593,193.3162528001085],"frame":1,"group":0,"source":"manual","attributes":[],"elements":[],"label":"Male"},{"type":"rectangle","occluded":false,"outside":false,"z_order":0,"rotation":0.0,"points":[381.789453787027,98.27075444833645,490.99066465927535,295.43960741211777],"frame":1,"group":0,"source":"manual","attributes":[],"elements":[],"label":"Male"},{"type":"rectangle","occluded":false,"outside":false,"z_order":0,"rotation":0.0,"points":[301.9107902786236,139.72676968687665,436.3900592231512,324.7621547759645],"frame":1,"group":0,"source":"manual","attributes":[],"elements":[],"label":"Male"},{"type":"rectangle","occluded":false,"outside":false,"z_order":0,"rotation":0.0,"points":[461.6681172954304,31.536681137518826,543.5690254496167,183.20502957119788],"frame":1,"group":0,"source":"manual","attributes":[],"elements":[],"label":"Male"},{"type":"rectangle","occluded":false,"outside":false,"z_order":0,"rotation":0.0,"points":[440.43454851471506,178.14941795674167,562.7803495845492,325.77327709885503],"frame":1,"group":0,"source":"manual","attributes":[],"elements":[],"label":"Male"},{"type":"rectangle","occluded":false,"outside":false,"z_order":0,"rotation":0.0,"points":[536.4911691893794,66.92596243871049,632.547789864042,188.2606411856541],"frame":1,"group":0,"source":"manual","attributes":[],"elements":[],"label":"Male"},{"type":"rectangle","occluded":false,"outside":false,"z_order":0,"rotation":0.0,"points":[537.50229151227,24.458824877279767,627.4921782495858,132.6489134266376],"frame":1,"group":0,"source":"manual","attributes":[],"elements":[],"label":"Male"},{"type":"rectangle","occluded":false,"outside":false,"z_order":0,"rotation":0.0,"points":[586.0361630110474,17.380968617042527,648.7257470303011,107.37085535435835],"frame":1,"group":0,"source":"manual","attributes":[],"elements":[],"label":"Male"},{"type":"rectangle","occluded":false,"outside":false,"z_order":0,"rotation":0.0,"points":[588.0584076568302,165.0048277591559,727.593288215814,421.8298977735176],"frame":1,"group":0,"source":"manual","attributes":[],"elements":[],"label":"Male"},{"type":"rectangle","occluded":false,"outside":false,"z_order":0,"rotation":0.0,"points":[655.8036032905402,205.44972067480376,813.538685661566,423.0],"frame":1,"group":0,"source":"manual","attributes":[],"elements":[],"label":"Male"},{"type":"rectangle","occluded":false,"outside":false,"z_order":0,"rotation":0.0,"points":[521.3243343460108,0.0,579.9694290737007,64.90371779292764],"frame":1,"group":0,"source":"manual","attributes":[],"elements":[],"label":"Male"},{"type":"rectangle","occluded":false,"outside":false,"z_order":0,"rotation":0.0,"points":[605.2474871459799,0.19188912789104506,657.8258479363212,59.848106178471426],"frame":1,"group":0,"source":"manual","attributes":[],"elements":[],"label":"Male"},{"type":"rectangle","occluded":false,"outside":false,"z_order":0,"rotation":0.0,"points":[257.42140807141004,51.75912759534185,317.0776251219904,140.73789200976717],"frame":1,"group":0,"source":"manual","attributes":[],"elements":[],"label":"Female"},{"type":"rectangle","occluded":false,"outside":false,"z_order":0,"rotation":0.0,"points":[245.2879401967166,0.19188912789104506,306.9664018930798,72.99269637605721],"frame":1,"group":0,"source":"manual","attributes":[],"elements":[],"label":"Female"},{"type":"rectangle","occluded":false,"outside":false,"z_order":0,"rotation":0.0,"points":[296.8551786641674,45.692393657995126,375.7227198496803,138.71564736398432],"frame":1,"group":0,"source":"manual","attributes":[],"elements":[],"label":"Female"},{"type":"rectangle","occluded":false,"outside":false,"z_order":0,"rotation":0.0,"points":[328.19997067379336,31.536681137518826,378.75608681835365,106.35973303146602],"frame":1,"group":0,"source":"manual","attributes":[],"elements":[],"label":"Female"},{"type":"rectangle","occluded":false,"outside":false,"z_order":0,"rotation":0.0,"points":[349.4335394545087,0.19188912789104506,405.0452672135234,45.692393657995126],"frame":1,"group":0,"source":"manual","attributes":[],"elements":[],"label":"Female"},{"type":"rectangle","occluded":false,"outside":false,"z_order":0,"rotation":0.0,"points":[376.7338421725708,20.41433558571589,415.1564904424358,88.15953121942584],"frame":1,"group":0,"source":"manual","attributes":[],"elements":[],"label":"Female"},{"type":"rectangle","occluded":false,"outside":false,"z_order":0,"rotation":0.0,"points":[411.11200115087195,7.269745388130104,445.4901601291731,70.97045173027436],"frame":1,"group":0,"source":"manual","attributes":[],"elements":[],"label":"Female"},{"type":"rectangle","occluded":false,"outside":false,"z_order":0,"rotation":0.0,"points":[440.43454851471506,0.0,481.89056375325345,58.83698385558091],"frame":1,"group":0,"source":"manual","attributes":[],"elements":[],"label":"Female"},{"type":"rectangle","occluded":false,"outside":false,"z_order":0,"rotation":0.0,"points":[457.62362800386654,11.314234679693982,501.1018878881878,66.92596243870867],"frame":1,"group":0,"source":"manual","attributes":[],"elements":[],"label":"Female"},{"type":"rectangle","occluded":false,"outside":false,"z_order":0,"rotation":0.0,"points":[486.9461753677115,0.0,525.3688236375765,40.636782043538915],"frame":1,"group":0,"source":"manual","attributes":[],"elements":[],"label":"Female"},{"type":"rectangle","occluded":false,"outside":false,"z_order":0,"rotation":0.0,"points":[635.5811568327154,3.225256096564408,696.2484962061862,93.21514283388024],"frame":1,"group":0,"source":"manual","attributes":[],"elements":[],"label":"Female"},{"type":"rectangle","occluded":false,"outside":false,"z_order":0,"rotation":0.0,"points":[627.4921782495858,60.85922850136376,702.315230143533,156.9158491760263],"frame":1,"group":0,"source":"manual","attributes":[],"elements":[],"label":"Female"},{"type":"rectangle","occluded":false,"outside":false,"z_order":0,"rotation":0.0,"points":[676.0260497483632,32.54780346040934,756.915835579659,171.0715616965026],"frame":1,"group":0,"source":"manual","attributes":[],"elements":[],"label":"Female"},{"type":"rectangle","occluded":false,"outside":false,"z_order":0,"rotation":0.0,"points":[717.4820649869016,46.70351598088564,773.0937927459163,155.90472685313398],"frame":1,"group":0,"source":"manual","attributes":[],"elements":[],"label":"Female"},{"type":"rectangle","occluded":false,"outside":false,"z_order":0,"rotation":0.0,"points":[738.715633767617,41.64790436643125,794.3273615266316,125.57105716640035],"frame":1,"group":0,"source":"manual","attributes":[],"elements":[],"label":"Female"},{"type":"rectangle","occluded":false,"outside":false,"z_order":0,"rotation":0.0,"points":[733.6600221531608,167.02707240493874,812.5275633386736,306.5619529639225],"frame":1,"group":0,"source":"manual","attributes":[],"elements":[],"label":"Female"},{"type":"rectangle","occluded":false,"outside":false,"z_order":0,"rotation":0.0,"points":[775.9123569885123,120.23727463649448,934.0,465.59871091243076],"frame":2,"group":0,"source":"manual","attributes":[],"elements":[],"label":"Male"},{"type":"rectangle","occluded":false,"outside":false,"z_order":0,"rotation":0.0,"points":[466.3661807708213,30.699124490880422,627.5348510329259,289.0806434825063],"frame":2,"group":0,"source":"manual","attributes":[],"elements":[],"label":"Male"},{"type":"rectangle","occluded":false,"outside":false,"z_order":0,"rotation":0.0,"points":[323.10514053784027,21.745309476318653,485.55292723059574,276.28947917599],"frame":2,"group":0,"source":"manual","attributes":[],"elements":[],"label":"Male"},{"type":"rectangle","occluded":false,"outside":false,"z_order":0,"rotation":0.0,"points":[292.40634620220226,163.72723327864878,471.48264649342855,637.0],"frame":2,"group":0,"source":"manual","attributes":[],"elements":[],"label":"Male"},{"type":"rectangle","occluded":false,"outside":false,"z_order":0,"rotation":0.0,"points":[0.0,102.32964460737094,132.5167923707504,620.3717990212754],"frame":2,"group":0,"source":"manual","attributes":[],"elements":[],"label":"Male"},{"type":"rectangle","occluded":false,"outside":false,"z_order":0,"rotation":0.0,"points":[109.49269661901963,42.211172366745814,243.7999218374389,333.8497185553151],"frame":2,"group":0,"source":"manual","attributes":[],"elements":[],"label":"Male"},{"type":"rectangle","occluded":false,"outside":false,"z_order":0,"rotation":0.0,"points":[218.21759322440812,92.09671316215827,360.19951702673825,335.128834985966],"frame":2,"group":0,"source":"manual","attributes":[],"elements":[],"label":"Male"},{"type":"rectangle","occluded":false,"outside":false,"z_order":0,"rotation":0.0,"points":[72.39832013012347,234.0786369644884,234.84610682287894,637.0],"frame":2,"group":0,"source":"manual","attributes":[],"elements":[],"label":"Female"},{"type":"rectangle","occluded":false,"outside":false,"z_order":0,"rotation":0.0,"points":[188.797915319421,322.33767067944973,364.0368663186928,635.7211961890953],"frame":2,"group":0,"source":"manual","attributes":[],"elements":[],"label":"Female"},{"type":"rectangle","occluded":false,"outside":false,"z_order":0,"rotation":0.0,"points":[393.4565442236799,283.96417775990085,580.2075430988152,637.0],"frame":2,"group":0,"source":"manual","attributes":[],"elements":[],"label":"Female"},{"type":"rectangle","occluded":false,"outside":false,"z_order":0,"rotation":0.0,"points":[543.1131666099191,264.7774313001264,711.9565354559327,634.4420797584444],"frame":2,"group":0,"source":"manual","attributes":[],"elements":[],"label":"Female"},{"type":"rectangle","occluded":false,"outside":false,"z_order":0,"rotation":0.0,"points":[690.2115561348546,318.5003213874952,925.5689793747515,637.0],"frame":2,"group":0,"source":"manual","attributes":[],"elements":[],"label":"Female"},{"type":"rectangle","occluded":false,"outside":false,"z_order":0,"rotation":0.0,"points":[504.7396736903702,120.23727463649448,660.7918782298675,365.82762932160585],"frame":2,"group":0,"source":"manual","attributes":[],"elements":[],"label":"Female"},{"type":"rectangle","occluded":false,"outside":false,"z_order":0,"rotation":0.0,"points":[665.9083439524748,190.58867832233227,823.239664922623,500.1348545400233],"frame":2,"group":0,"source":"manual","attributes":[],"elements":[],"label":"Female"},{"type":"rectangle","occluded":false,"outside":false,"z_order":0,"rotation":0.0,"points":[633.930433186184,25.582658768274996,805.3320348935013,295.47622563576624],"frame":2,"group":0,"source":"manual","attributes":[],"elements":[],"label":"Male"},{"type":"rectangle","occluded":false,"outside":false,"z_order":0,"rotation":0.0,"points":[1527.0494281345946,390.2351280765324,2062.939006651666,1951.0785606505287],"frame":3,"group":0,"source":"manual","attributes":[],"elements":[],"label":"Male"},{"type":"rectangle","occluded":false,"outside":false,"z_order":0,"rotation":0.0,"points":[2552.0032821915174,608.7532086368919,3363.641867129996,1904.2532576733083],"frame":3,"group":0,"source":"manual","attributes":[],"elements":[],"label":"Female"},{"type":"rectangle","occluded":false,"outside":false,"z_order":0,"rotation":0.0,"points":[1157.6498157587484,770.0403633362057,1719.553451485388,2096.7572810241036],"frame":3,"group":0,"source":"manual","attributes":[],"elements":[],"label":"Female"},{"type":"rectangle","occluded":false,"outside":false,"z_order":0,"rotation":0.0,"points":[1854.8265489751338,816.8656663134261,2552.0032821915192,2138.3797725594104],"frame":3,"group":0,"source":"manual","attributes":[],"elements":[],"label":"Female"},{"type":"rectangle","occluded":false,"outside":false,"z_order":0,"rotation":0.0,"points":[335.60560793644254,119.68893309704072,1188.8666844102281,2211.219132746195],"frame":3,"group":0,"source":"manual","attributes":[],"elements":[],"label":"Male"},{"type":"rectangle","occluded":false,"outside":false,"z_order":0,"rotation":0.0,"points":[1011.6353014339275,498.8009754091654,1910.671426159326,1364.9455345958304],"frame":4,"group":0,"source":"manual","attributes":[],"elements":[],"label":"Female"},{"type":"rectangle","occluded":false,"outside":false,"z_order":0,"rotation":0.0,"points":[1318.6232464621116,337.08411151038854,2044.9786521091555,1365.0],"frame":4,"group":0,"source":"manual","attributes":[],"elements":[],"label":"Male"},{"type":"rectangle","occluded":false,"outside":false,"z_order":0,"rotation":0.0,"points":[732.056994354687,167.14435622692872,1280.2497533335882,1365.0],"frame":4,"group":0,"source":"manual","attributes":[],"elements":[],"label":"Male"},{"type":"rectangle","occluded":false,"outside":false,"z_order":0,"rotation":0.0,"points":[1189.7979481020702,150.69857345756282,1551.6051690281456,772.897354898616],"frame":4,"group":0,"source":"manual","attributes":[],"elements":[],"label":"Female"},{"type":"rectangle","occluded":false,"outside":false,"z_order":0,"rotation":0.0,"points":[0.21966111785332032,180.84917520140152,836.2136185606778,1365.0],"frame":4,"group":0,"source":"manual","attributes":[],"elements":[],"label":"Male"},{"type":"rectangle","occluded":false,"outside":false,"z_order":0,"rotation":0.0,"points":[2.9606249127482442,485.0961564346926,1063.713613536922,1365.0],"frame":4,"group":0,"source":"manual","attributes":[],"elements":[],"label":"Female"},{"type":"rectangle","occluded":false,"outside":false,"z_order":0,"rotation":0.0,"points":[0.21966111785332032,378.19856843380694,573.0810942508051,1364.9455345958304],"frame":4,"group":0,"source":"manual","attributes":[],"elements":[],"label":"Female"}],"tracks":[]}]