{"name":"male-and-female-labeling","bug_tracker":"","status":"annotation","subset":"","labels":[{"name":"Male","color":"#32b7fa","attributes":[],"type":"any","sublabels":[]},{"name":"Female","color":"#ff00cc","attributes":[],"type":"any","sublabels":[]}],"version":"1.0","data":{"chunk_size":72,"image_quality":70,"start_frame":0,"stop_frame":4,"storage_method":"cache","storage":"local","sorting_method":"lexicographical","chunk_type":"imageset","deleted_frames":[]},"jobs":[{"start_frame":0,"stop_frame":4,"frames":[],"status":"annotation","type":"annotation"}]}